adreghiciu@gmail.com = adreghiciu <adreghiciu@gmail.com>
damian.golda@gmail.com = damian.golda <damian.golda@gmail.com>
dmitry = dpishchukhin <dmytro.pishchukhin@osgilab.org>
ffang = ffang <freeman.fang@gmail.com>
gnodet = gnodet <gnodet@gmail.com>
maguro = maguro <alan.cabrera@gmail.com>
mcculls = mcculls <mcculls@gmail.com>
niclas = niclash <niclas@hedhman.org>
niclas@hedhman.org = niclash <niclas@hedhman.org>
peter@neubauer.se = peterneubauer <peter.neubauer@neotechnology.com>
tonit = tonit <toni@okidokiteam.com>